,motif,CLUMP
0,CGGGF,0
1,PKPK,1
2,KDMK,2
3,RCP,3
4,PKYK,1
5,CGGG,0
6,CCCGF,0
7,VHAA,4
8,TPDS,3
9,AAIE,4
10,RNLL,4
11,ILAN,4
12,ACGE,5
13,ATEN,5
14,CGKAG,0
15,FSVF,6
16,KEDKK,7
17,MGVE,5
18,RVC,3
19,DENL,5
20,CGDGF,0
21,NLVG,4
22,AKGS,3
23,DAP,5
24,PKPF,8
25,PPPK,8
26,KEEKG,7
27,KEEEK,7
28,AYKN,1
29,NPD,3
30,NEPL,5
31,TAC,3
32,PYPGQ,8
33,CCSGY,0
34,CK,3
35,WKPK,1
36,DEKT,2
37,CGGGY,0
38,EEER,7
39,PSPK,8
40,FSLEL,9
41,TQLA,4
42,CGCCG,0
43,KDLE,5
44,RGIG,8
45,KEETK,7
46,VKSY,1
47,CGGGA,0
48,KEEIK,7
49,KEERK,7
50,EDKK,2
51,KDKK,2
52,LSLFL,9
53,KKETK,7
54,EEEKK,7
55,KQAQ,1
56,VTDS,3
57,PKAK,1
58,WNS,6
59,QDVD,2
60,CCCGG,0
61,CQNGG,0
62,ILFS,9
63,CNICG,0
64,NEAK,5
65,PTHP,8
66,DEEKK,7
67,PYQSG,8
68,FGGG,0
69,YPSG,8
70,QVAS,4
71,YVIL,9
72,CNGGG,0
73,GDKK,2
74,FSLFL,9
75,KKGKK,2
76,IIAG,10
77,AEG,5
78,ILDN,4
79,DKE,2
80,KKEKK,7
81,AYAR,4
82,PYPSG,8
83,CVAF,10
84,GHWTQ,6
85,GEEKK,7
86,FKAK,1
87,KCT,3
88,VYPSG,8
89,KHP,1
90,KTKL,1
91,AEAD,5
92,AETD,5
93,VDEG,5
94,DQAG,5
95,PGNV,8
96,CGIGR,0
97,WNT,6
98,EEKK,2
99,RYPSG,8
100,MIE,4
101,TML,4
102,KYKS,1
103,FSL,6
104,EEETK,7
105,NVY,6
106,YSHS,6
107,HWF,6
108,KDEK,2
109,GGVI,10
110,KKIS,1
111,VEAV,4
112,HWT,6
113,KDAK,2
114,LYPSG,8
115,DSTL,3
116,CGIGG,0
117,CGEGE,5
118,CGDSG,0
119,KDEKK,7
120,KEEDK,7
121,RYDD,2
122,KCS,3
123,MDKF,1
124,HGD,1
125,DIAK,4
126,NGQP,8
127,KEEKI,7
128,CQY,6
129,TEAK,5
130,KDCK,2
131,GEGKK,7
132,IKNN,1
133,KKEG,2
134,PKEK,2
135,KPPG,8
136,KEEKE,7
137,CLIGG,10
138,SNEE,5
139,CGCCA,0
140,GHWT,6
141,KEEKK,7
142,CGNCG,0
143,FTNS,6
144,KDKC,2
145,TILG,4
146,QKEE,2
147,FPSP,8
148,FSLSL,9
149,GEETK,7
150,CGIG,10
151,KKPK,2
152,FLIFL,9
153,EEERG,7
154,FLISL,9
155,TDKK,2
156,KEETG,7
157,WWS,6
158,FLIP,9
159,FKLFL,9
160,KEESK,7
161,EEERK,7
162,PKPN,8
163,KRDD,2
164,GYPSG,8
165,NPTT,3
166,FLLFL,9
167,EKEKG,7
168,KNEKK,7
169,KYPN,8
170,PNPGG,0
171,IIYE,9
172,NLTL,4
173,EEGKK,7
174,RKEE,2
175,EKEKK,7
176,PTPK,8
177,QLAK,4
178,FSIFL,9
179,QEAF,1
180,IANG,4
181,NCD,3
182,TASG,3
183,PSPGG,0
184,THE,2
185,HWTQ,6
186,ELIY,9
187,KDKM,2
188,KMKG,1
189,ADAE,5
190,KEGKK,2
191,YYPGG,8
192,KTD,2
193,PKPY,8
194,KELKK,7
195,QEKL,5
196,CGSGG,0
197,KEENK,7
