motif,CLUMP
GHWT,0
GHWTQ,0
HWT,0
HWTQ,0
PGNV,1
PKPK,2
PTHP,1
ADAE,3
TQLA,4
YPSG,1
PYPGQ,1
CGIGG,5
CGCCG,5
KEEKK,6
CGIGR,5
FSLFL,7
PYPSG,1
EEEKK,6
KEGKK,8
FSLEL,7
KKEKK,6
CGNCG,5
GYPSG,1
CGSGG,5
KNEKK,6
FLLFL,7
KEERK,6
FKLFL,7
RYPSG,1
CCCGG,5
KEEIK,6
KEETK,6
CGDGF,5
FSLSL,7
LYPSG,1
GEEKK,6
CGGGF,5
KEEKG,6
CLIGG,9
CNICG,5
EEGKK,6
FSIFL,7
EKEKK,6
CGGGY,5
KDKK,8
KKGKK,8
EEERK,6
EEETK,6
LSLFL,7
KDKC,8
PKYK,2
FLIFL,7
CCCGF,5
CNGGG,5
CGCCA,5
WKPK,2
KDKM,8
CGDSG,5
GEGKK,6
KKETK,6
KDCK,8
CQNGG,5
CGEGE,3
PKEK,8
CGGGA,5
GEETK,6
EDKK,8
KEETG,6
PKPF,1
CGKAG,5
EKEKG,6
FLISL,7
PTPK,1
YYPGG,1
KDAK,8
PKPY,1
VYPSG,1
KDMK,8
CCSGY,5
DEEKK,6
KEENK,6
KELKK,6
PSPK,1
KEDKK,6
KDEKK,6
GDKK,8
KEEEK,6
PYQSG,1
EEERG,6
KKPK,8
KEEDK,6
KEESK,6
KDEK,8
PKPN,1
KEEKI,6
PNPGG,5
KEEKE,6
TDKK,8
PPPK,1
PSPGG,5
CGIG,9
DAP,3
KHP,2
KPPG,1
KYKS,2
NLVG,4
RGIG,1
TAC,10
WWS,0
CVAF,9
ELIY,7
RCP,10
EEKK,8
AYAR,4
ILFS,7
KCT,10
KQAQ,2
KTKL,2
VTDS,10
WNT,0
YSHS,0
CQY,0
CGGG,5
DIAK,4
DSTL,10
FGGG,5
FPSP,1
FSVF,0
IIAG,9
NLTL,4
PKAK,2
QEAF,2
QLAK,4
FSL,0
NVY,0
HGD,2
AAIE,4
RVC,10
CK,10
ACGE,3
ATEN,3
AYKN,2
DQAG,3
EEER,6
FLIP,7
ILDN,4
KDLE,3
KMKG,2
MGVE,3
QEKL,3
RNLL,4
RYDD,8
SNEE,3
TPDS,10
WNS,0
YVIL,7
AEG,3
MIE,4
AEAD,3
AETD,3
AKGS,10
DEKT,8
DENL,3
FKAK,2
FTNS,0
GGVI,9
HWF,0
IANG,4
IIYE,7
IKNN,2
ILAN,4
KKEG,8
KKIS,2
KRDD,8
KYPN,1
MDKF,2
NCD,10
NEAK,3
NEPL,3
NGQP,1
NPD,10
NPTT,10
QDVD,8
QKEE,8
QVAS,4
RKEE,8
TASG,10
TEAK,3
THE,8
TILG,4
TML,4
VDEG,3
VEAV,4
VHAA,4
VKSY,2
KTD,8
DKE,8
KCS,10
